Number,Paris Street Name,City Name,Postcode
1,Rue du Papillon,Montpellier,34000
2,Impasse des Murmures,Lille,59000
3,Chemin des Secrets,Toulouse,31000
4,Passage de l'Aube,Nantes,44000
5,Villa des Lucioles,Lyon,69001
6,Rue de l'Enchantement,Marseille,13008
7,Quai de l'Insouciance,Rennes,35000
8,Allée des Illusions,Bordeaux,33000
9,Place des Souvenirs,Nice,06000
10,Route des Brumes,Strasbourg,67000
11,Ruelle des Mystères,Clermont-Ferrand,63000
12,Esplanade des Songes,Dijon,21000
13,Avenue des Chimères,Reims,51100
14,Cours des Miracles,Limoges,87000
15,Boulevard de l'Oubli,Angers,49000
16,Square des Sérénades,Mulhouse,68100
17,Impasse des Nuages,Le Havre,76600
18,Chemin des Énigmes,Amiens,80000
19,Place des Murmures,Perpignan,66000
20,Villa des Etoiles,Grenoble,38000
21,Rue des Reflets,Besançon,25000
22,Allée des Frissons,Avignon,84000
23,Passage des Songes,Metz,57000
24,Quai des Illusions,Caen,14000
25,Rue des Murmures,Orléans,45000
26,Villa des Illusions,Brest,29200
27,Impasse des Rêves,Lorient,56100
28,Chemin des Échos,Le Mans,72000
29,Ruelle des Brises,Annecy,74000
30,Place des Ombres,Poitiers,86000
31,Rue des Lueurs,Saint-Étienne,42000
32,Quai des Secrets,Toulon,83000
33,Allée des Soupirs,Nîmes,30000
34,Passage des Lucioles,Aix-en-Provence,13100
35,Boulevard des Frissons,Perpignan,66000
36,Rue des Reflets,Villeurbanne,69100
37,Cours des Illusions,Bordeaux,33000
38,Villa des Brumes,Strasbourg,67000
39,Esplanade des Murmures,Lille,59000
40,Place des Énigmes,Marseille,13008
41,Ruelle des Mirages,Nantes,44000
42,Chemin des Murmures,Lyon,69001
43,Allée des Mystères,Toulouse,31000
44,Impasse des Rêves,Rennes,35000
45,Quai des Souvenirs,Nice,06000
46,Route des Illusions,Montpellier,34000
47,Rue des Brises,Lille,59000
48,Villa des Échos,Toulouse,31000
49,Passage des Lucioles,Nantes,44000
50,Place des Songes,Lyon,69001
51,Quai des Reflets,Marseille,13008
52,Impasse des Frissons,Bordeaux,33000
53,Rue des Souvenirs,Strasbourg,67000
54,Chemin des Brumes,Dijon,21000
55,Allée des Ombres,Clermont-Ferrand,63000
56,Cours des Rêves,Le Havre,76600
57,Esplanade des Murmures,Reims,51100
58,Square des Illusions,Limoges,87000
59,Impasse des Reflets,Angers,49000
60,Chemin des Songes,Mulhouse,68100
61,Place des Brises,Amiens,80000
62,Villa des Rêves,Perpignan,66000
63,Rue des Échos,Grenoble,38000
64,Quai des Mystères,Besançon,25000
65,Passage des Brumes,Avignon,84000
66,Allée des Énigmes,Metz,57000
67,Route des Ombres,Caen,14000
68,Ruelle des Frissons,Orléans,45000
69,Place des Lucioles,Brest,29200
70,Rue des Ombres,Lorient,56100
71,Villa des Reflets,Le Mans,72000
72,Impasse des Illusions,Annecy,74000
73,Chemin des Souvenirs,Poitiers,86000
74,Quai des Brises,Saint-Étienne,42000
75,Allée des Lueurs,Toulon,83000
76,Passage des Illusions,Nîmes,30000
77,Boulevard des Énigmes,Aix-en-Provence,13100
78,Rue des Soupirs,Perpignan,66000
79,Villa des Lueurs,Villeurbanne,69100
80,Impasse des Reflets,Bordeaux,33000
81,Chemin des Murmures,Strasbourg,67000
82,Place des Frissons,Lille,59000
83,Ruelle des Songes,Marseille,13008
84,Esplanade des Souvenirs,Nantes,44000
85,Cours des Brumes,Lyon,69001
86,Square des Rêves,Toulouse,31000
87,Quai des Énigmes,Rennes,35000
88,Allée des Reflets,Nice,06000
89,Route des Lucioles,Montpellier,34000
90,Rue des Échos,Lille,59000
91,Villa des Rêves,Toulouse,31000
92,Passage des Frissons,Nantes,44000
93,Place des Énigmes,Lyon,69001
94,Quai des Illusions,Marseille,13008
95,Impasse des Reflets,Bordeaux,33000
96,Rue des Souvenirs,Strasbourg,67000
97,Chemin des Brumes,Dijon,21000
98,Allée des Ombres,Clermont-Ferrand,63000
99,Cours des Rêves,Le Havre,76600
100,Esplanade des Murmures,Reims,51100
